{"best/epoch": 9, "best/precision": 0.01451865468409586, "best/recall": 0.975, "best/mAP_0.5": 0.042536043638594145, "best/mAP_0.5:0.95": 0.011729744532223285, "Labels": {"_type": "images/separated", "width": 1600, "height": 1600, "format": "jpg", "count": 2, "filenames": ["media/images/Labels_0_8d0260cce16378675d03.jpg", "media/images/Labels_0_6a746361d950933c6e62.jpg"], "captions": ["labels.jpg", "labels_correlogram.jpg"]}, "train/box_loss": 0.08314718306064606, "train/obj_loss": 0.022542325779795647, "train/cls_loss": 0.05861390754580498, "metrics/precision": 0.014524705484327074, "metrics/recall": 0.975, "metrics/mAP_0.5": 0.042175760899891196, "metrics/mAP_0.5:0.95": 0.011650900710117547, "val/box_loss": 0.06044699624180794, "val/obj_loss": 0.01596832275390625, "val/cls_loss": 0.05892906337976456, "x/lr0": 0.0713161, "x/lr1": 0.0003161, "x/lr2": 0.0003161, "_timestamp": 1687263298.809581, "_runtime": 151.24341011047363, "_step": 10, "Mosaics": {"_type": "images/separated", "width": 1280, "height": 1280, "format": "jpg", "count": 3, "filenames": ["media/images/Mosaics_3_98a5ddd5f5126ef84f80.jpg", "media/images/Mosaics_3_dfba4866c8e64348e9ed.jpg", "media/images/Mosaics_3_7bdaf0fb0beb65a18a40.jpg"], "captions": ["train_batch0.jpg", "train_batch1.jpg", "train_batch2.jpg"]}, "Validation": {"_type": "images/separated", "width": 1408, "height": 1024, "format": "jpg", "count": 4, "filenames": ["media/images/Validation_10_c0ceb7d0e4534ce58f6e.jpg", "media/images/Validation_10_3531310f9f0ea4996313.jpg", "media/images/Validation_10_2d523ff495bbe5745922.jpg", "media/images/Validation_10_f4795365a15afee70ba0.jpg"], "captions": ["val_batch0_labels.jpg", "val_batch0_pred.jpg", "val_batch1_labels.jpg", "val_batch1_pred.jpg"]}, "Results": {"_type": "images/separated", "width": 2400, "height": 1200, "format": "png", "count": 6, "filenames": ["media/images/Results_10_8b99e9043e3429432883.png", "media/images/Results_10_985c5a3db4cef5ba1ff1.png", "media/images/Results_10_7030e2e659828f4cec9c.png", "media/images/Results_10_27b6cc9b4906d8faec94.png", "media/images/Results_10_25e14ce7aa798aeb1ecb.png", "media/images/Results_10_8d5d7a79664c84e57b2b.png"], "captions": ["results.png", "confusion_matrix.png", "F1_curve.png", "PR_curve.png", "P_curve.png", "R_curve.png"]}, "_wandb": {"runtime": 149}}