{"best/epoch": 0, "best/precision": 0.005128474088364393, "best/recall": 0.275, "best/mAP_0.5": 0.011469797517211569, "best/mAP_0.5:0.95": 0.0015741849773087636, "Labels": {"_type": "images/separated", "width": 1600, "height": 1600, "format": "jpg", "count": 2, "filenames": ["media/images/Labels_0_8d0260cce16378675d03.jpg", "media/images/Labels_0_6a746361d950933c6e62.jpg"], "captions": ["labels.jpg", "labels_correlogram.jpg"]}, "train/box_loss": 0.11305838823318481, "train/obj_loss": 0.014355077408254147, "train/cls_loss": 0.07377211004495621, "metrics/precision": 0.005121628571151339, "metrics/recall": 0.275, "metrics/mAP_0.5": 0.011470305760364596, "metrics/mAP_0.5:0.95": 0.001573399705747856, "val/box_loss": 0.09843645244836807, "val/obj_loss": 0.010445594787597656, "val/cls_loss": 0.07572517544031143, "x/lr0": 0.09820000000000001, "x/lr1": 0.0002, "x/lr2": 0.0002, "_timestamp": 1687263047.9323034, "_runtime": 115.36637353897095, "_step": 1, "Validation": {"_type": "images/separated", "width": 1408, "height": 1024, "format": "jpg", "count": 4, "filenames": ["media/images/Validation_1_c0ceb7d0e4534ce58f6e.jpg", "media/images/Validation_1_3531310f9f0ea4996313.jpg", "media/images/Validation_1_2d523ff495bbe5745922.jpg", "media/images/Validation_1_f4795365a15afee70ba0.jpg"], "captions": ["val_batch0_labels.jpg", "val_batch0_pred.jpg", "val_batch1_labels.jpg", "val_batch1_pred.jpg"]}, "Results": {"_type": "images/separated", "width": 2400, "height": 1200, "format": "png", "count": 6, "filenames": ["media/images/Results_1_ae42b696bfa8bf3bf322.png", "media/images/Results_1_985c5a3db4cef5ba1ff1.png", "media/images/Results_1_d4da0e096986fbf25cba.png", "media/images/Results_1_48377c6c9a89111cf76a.png", "media/images/Results_1_fd6e90fdb6bfba33f445.png", "media/images/Results_1_7b75de1338f5190bd926.png"], "captions": ["results.png", "confusion_matrix.png", "F1_curve.png", "PR_curve.png", "P_curve.png", "R_curve.png"]}, "_wandb": {"runtime": 113}}